{"cameraMode":{"drawMode":0,"name":"Shaded","section":"Shading Mode"},"sceneLighting":true,"audioPlay":false,"sceneViewState":{"showFog":true,"showMaterialUpdate":false,"showSkybox":true,"showFlares":true,"showImageEffects":true,"showParticleSystems":true},"in2DMode":false,"pivot":{"x":0.10405492782592774,"y":0.9813864231109619,"z":-0.9863908290863037},"rotation":{"x":-0.12006319314241409,"y":-0.5690183043479919,"z":0.08443222939968109,"w":-0.8091269135475159},"size":7.055933475494385,"orthographic":false}