{"cameraMode":{"drawMode":0,"name":"Shaded","section":"Shading Mode"},"sceneLighting":true,"audioPlay":false,"sceneViewState":{"showFog":true,"showMaterialUpdate":false,"showSkybox":true,"showFlares":true,"showImageEffects":true,"showParticleSystems":true},"in2DMode":false,"pivot":{"x":617.10888671875,"y":276.1718444824219,"z":97.51934814453125},"rotation":{"x":-0.10063876211643219,"y":0.002086284337565303,"z":-0.0002110231580445543,"w":-0.9949212670326233},"size":651.8370971679688,"orthographic":false}