{"cameraMode":{"drawMode":0,"name":"Shaded","section":"Shading Mode"},"sceneLighting":false,"audioPlay":false,"sceneViewState":{"showFog":true,"showMaterialUpdate":false,"showSkybox":false,"showFlares":true,"showImageEffects":true,"showParticleSystems":true},"in2DMode":false,"pivot":{"x":-0.26865267753601076,"y":0.24685931205749513,"z":0.11886143684387207},"rotation":{"x":-0.08837362378835678,"y":0.8718793988227844,"z":-0.17112667858600617,"w":-0.4502582550048828},"size":2.8578836917877199,"orthographic":false}